GROUP,PACKAGE,CLASS,INSTRUCTION_MISSED,INSTRUCTION_COVERED,BRANCH_MISSED,BRANCH_COVERED,LINE_MISSED,LINE_COVERED,COMPLEXITY_MISSED,COMPLEXITY_COVERED,METHOD_MISSED,METHOD_COVERED
"Group21HW (Sep 19, 2022 8:29:14 PM)/Group21HW/src",com.group21.csc510.csv.lua.test,TheTest,0,13,0,0,0,5,0,2,0,2
"Group21HW (Sep 19, 2022 8:29:14 PM)/Group21HW/src",com.group21.csc510.csv.lua.test,DataTest,2,27,0,2,1,7,0,3,0,2
"Group21HW (Sep 19, 2022 8:29:14 PM)/Group21HW/src",com.group21.csc510.csv.lua.test,SymTest,2,114,2,4,0,16,2,3,0,2
"Group21HW (Sep 19, 2022 8:29:14 PM)/Group21HW/src",com.group21.csc510.csv.lua.test,CSVTest.new CSVInterface() {...},0,34,0,2,0,6,0,3,0,2
"Group21HW (Sep 19, 2022 8:29:14 PM)/Group21HW/src",com.group21.csc510.csv.lua.test,NumTest,2,91,4,8,0,19,4,6,0,4
"Group21HW (Sep 19, 2022 8:29:14 PM)/Group21HW/src",com.group21.csc510.csv.lua.test,StatsTest,3,76,0,0,1,9,0,2,0,2
"Group21HW (Sep 19, 2022 8:29:14 PM)/Group21HW/src",com.group21.csc510.csv.lua.test,CSVTest,0,22,0,0,0,7,0,2,0,2
"Group21HW (Sep 19, 2022 8:29:14 PM)/Group21HW/src",com.group21.csc510.csv.lua,Row,0,16,0,0,0,5,0,1,0,1
"Group21HW (Sep 19, 2022 8:29:14 PM)/Group21HW/src",com.group21.csc510.csv.lua,Data,58,207,6,20,19,48,5,12,0,4
"Group21HW (Sep 19, 2022 8:29:14 PM)/Group21HW/src",com.group21.csc510.csv.lua,Num,106,203,3,11,24,50,6,11,3,7
"Group21HW (Sep 19, 2022 8:29:14 PM)/Group21HW/src",com.group21.csc510.csv.lua,Eg.new CSVInterface() {...},34,0,2,0,6,0,3,0,2,0
"Group21HW (Sep 19, 2022 8:29:14 PM)/Group21HW/src",com.group21.csc510.csv.lua,Lua,153,0,18,0,27,0,11,0,2,0
"Group21HW (Sep 19, 2022 8:29:14 PM)/Group21HW/src",com.group21.csc510.csv.lua,Eg,667,0,52,0,114,0,37,0,11,0
"Group21HW (Sep 19, 2022 8:29:14 PM)/Group21HW/src",com.group21.csc510.csv.lua,Sym,51,136,2,10,18,30,5,9,3,5
"Group21HW (Sep 19, 2022 8:29:14 PM)/Group21HW/src",com.group21.csc510.csv.lua,Cols,4,121,2,12,2,21,2,6,0,1
"Group21HW (Sep 19, 2022 8:29:14 PM)/Group21HW/src",com.group21.csc510.csv.lua,Utility,172,288,17,23,33,58,14,15,1,8
